Workbook

Sheet Inputs
A1: HARAZ COFFEE - 1776 E. Jefferson St #112, Rockville, MD | PROJECT INPUTS
A3: INSTRUCTIONS: Yellow cells are the only ones you need to edit. Enter real dimensions pulled from the CAD file or a field tape measure. Every other tab recalculates automatically.
A5: PROJECT TOTALS
A6: Item | B6: Value | C6: Unit | D6: Source / Notes
A7: Total tenant square footage | B7: 3888 | C7: SF | D7: Per Cover Sheet A100 (T+T Engineers, Proj #2024046)
A8: Wall height (floor to deck/ceiling) | B8: 9 | C8: FT | D8: PLACEHOLDER - verify against A101/A103 section details. NOTE: takeoff assumes 10' precut studs and 4x10 drywall sheets - if wall height exceeds 10', studs/sheets will need splicing and this workbook's per-sheet/per-stud coverage assumption no longer holds.
A10: NEW PARTITION WALLS (Type G / D per Partition Schedule, A103)
A11: Wall / Room Reference | B11: Partition Type (G/D/L) | C11: Length (LF) | D11: Both Sides Drywall? (Y/N) | E11: Notes
A12: Restroom #1 partition | B12: D | C12: 12 | D12: Y | E12: PLACEHOLDER - measure off A102/A103
A13: Restroom #2 partition | B13: D | C13: 12 | D13: Y | E13: PLACEHOLDER
A14: Restroom #3 partition | B14: D | C14: 12 | D14: Y | E14: PLACEHOLDER
A15: Restroom #4 partition | B15: D | C15: 12 | D15: Y | E15: PLACEHOLDER
A16: Meeting room partition | B16: G | C16: 20 | D16: Y | E16: PLACEHOLDER
A17: Praying room partition | B17: G | C17: 18 | D17: Y | E17: PLACEHOLDER
A18: Dry storage partition | B18: G | C18: 15 | D18: Y | E18: PLACEHOLDER
A19: Kitchen demising wall | B19: G | C19: 40 | D19: Y | E19: PLACEHOLDER - wet-side needs Wonderboard, see Wet Areas tab
A20: Storage cabinets partition | B20: D | C20: 10 | D20: Y | E20: PLACEHOLDER
A21: Service area / POS partition | B21: G | C21: 15 | D21: Y | E21: PLACEHOLDER
A23: TOTAL NEW PARTITION LF | C23: =SUM(C12:C21) -> 166
A25: WET AREAS - Wonderboard / Waterproof Backer (per Landlord Comments)
A26: Wet Area | B26: Wall Length Needing Backer (LF) | C26: Wall Height (FT) | D26: Notes
A27: Restroom #1 walls | B27: 12 | C27: 9 | D27: Per landlord letter: waterproof membrane 4" up slab + Wonderboard on demising/partition walls
A28: Restroom #2 walls | B28: 12 | C28: 9 | D28: Same requirement
A29: Restroom #3 walls | B29: 12 | C29: 9 | D29: Same requirement
A30: Restroom #4 walls | B30: 12 | C30: 9 | D30: Same requirement
A31: Kitchen wet wall (dish/prep sinks) | B31: 20 | C31: 9 | D31: PLACEHOLDER - verify against P002/P003 fixture locations
A34: CEILING ZONES (per A104 Ceiling Plan + Finish Schedule A102)
A35: Ceiling Zone | B35: Type (Suspended ACT / Open / Genesis PVC Washable) | C35: Area (SF) | D35: Notes
A36: Seating / dining area | B36: Suspended ACT | C36: 1400 | D36: PLACEHOLDER - measure per A104
A37: Meeting room | B37: Suspended ACT | C37: 150 | D37: PLACEHOLDER
A38: Praying room | B38: Suspended ACT | C38: 130 | D38: PLACEHOLDER
A39: Restrooms (1-4) | B39: Genesis PVC Washable | C39: 200 | D39: Commercial grade, nonabsorbent, washable per ceiling notes
A40: Kitchen / food prep | B40: Genesis PVC Washable | C40: 400 | D40: Same - required by ceiling plan general notes
A41: Rear / BOH open ceiling zone | B41: Open Ceiling (no grid) | C41: 1200 | D41: Per A104 - explicitly marked OPEN CEILING, exclude from grid takeoff
A44: FLOOR TILE ZONES (per Finish Schedule A102)
A45: Room / Finish Tag | B45: Tile Type | C45: Area (SF) | D45: Notes
A46: 101 - Seating/dining | B46: Ceramic tile | C46: 1400 | D46: PLACEHOLDER - per Finish Schedule tag 101
A47: 102 - Suspended clg area | B47: Ceramic tile | C47: 300 | D47: PLACEHOLDER - tag 102
A48: 103 - Kitchen | B48: 8x8 Quarry tile | C48: 840 | D48: Tag 103 - quarry tile + FRP wall panel at kitchen U.N.O.
A49: 104 - Misc / restrooms approach | B49: Ceramic tile (2x4 CLG tile floor) | C49: 200 | D49: PLACEHOLDER - tag 104

Sheet Framing
A1: FRAMING TAKEOFF (Partition Schedule, A103)
A3: Item | B3: Basis / Formula | C3: Quantity | D3: Unit | E3: Notes
A4: Total new partition wall length | C4: =Inputs!C23 -> 166 | D4: LF | E4: Sum of all rows in Inputs > New Partition Walls
A5: 3-5/8" MTL studs, 10' precut, @ 16" o.c. (Type G/D) | C5: =ROUNDUP(C4*12/16,0)+ROUNDUP(C4*0.1,0) -> 142 | D5: EA | E5: 1 stud per 16" o.c. + 10% waste/corners/jambs. 10' precut length - covers walls up to 10' high in one piece (no splicing needed at 9' wall height)
A6: Top track (3-5/8") | C6: =C4 -> 166 | D6: LF | E6: 1x wall length
A7: Bottom track (3-5/8") | C7: =C4 -> 166 | D7: LF | E7: 1x wall length
A8: Sound insulation batts (Type D partitions only) | C8: TBD - field verify | D8: LF | E8: Batt insulation required at Type D (restroom/sound-rated) partitions per schedule - filter Type D rows in Inputs tab and sum manually
A9: Deflection track at deck (Type G, per partition head detail) | C9: =C4 -> 166 | D9: LF | E9: Per Standards-Partition Head detail, A103

Sheet Drywall
A1: DRYWALL TAKEOFF
A3: Item | B3: Formula | C3: Quantity | D3: Unit | E3: Notes
A4: Gypsum board SF (both sides of all partitions) | C4: =Inputs!C23*Inputs!B8*2 -> 2988 | D4: SF | E4: Partition LF x wall height x 2 sides
A5: 5/8" gyp bd - 4x10 sheets needed (incl. 10% waste) | C5: =ROUNDUP(C4/40*1.1,0) -> 83 | D5: sheets | E5: 40 SF/sheet (4x10)
A6: Wonderboard / waterproof backer board (wet areas) | C6: =SUM(Inputs!B27:B31)*Inputs!B8 -> 612 | D6: SF | E6: Per Landlord Comments: waterproof membrane + Wonderboard-type backer required at all wet-area demising/partition walls
A7: Wonderboard 3x5 sheets (15 SF/sheet, +10% waste) | C7: =ROUNDUP(C6/15*1.1,0) -> 45 | D7: sheets | E7: Std 3'x5' cement board sheet
A8: Joint compound (approx. 1 box per 500 SF gyp) | C8: =ROUNDUP(C4/500,0) -> 6 | D8: boxes | E8: Rule of thumb - verify with sub
A9: Metal corner bead | C9: TBD - field count | D9: LF | E9: PLACEHOLDER - count actual outside corners from plan; not derivable from wall LF alone

Sheet Floor Tile
A1: FLOOR TILE TAKEOFF (Finish Schedule, A102)
A3: Room / Tag | B3: Tile Type | C3: Area (SF) | D3: +10% Waste (SF) | E3: Notes
A4: =Inputs!A46 -> 101 - Seating/dining | B4: =Inputs!B46 -> Ceramic tile | C4: =Inputs!C46 -> 1400 | D4: =C4*1.1 -> 1540 | E4: =Inputs!D46 -> PLACEHOLDER - per Finish Schedule tag 101
A5: =Inputs!A47 -> 102 - Suspended clg area | B5: =Inputs!B47 -> Ceramic tile | C5: =Inputs!C47 -> 300 | D5: =C5*1.1 -> 330 | E5: =Inputs!D47 -> PLACEHOLDER - tag 102
A6: =Inputs!A48 -> 103 - Kitchen | B6: =Inputs!B48 -> 8x8 Quarry tile | C6: =Inputs!C48 -> 840 | D6: =C6*1.1 -> 924 | E6: =Inputs!D48 -> Tag 103 - quarry tile + FRP wall panel at kitchen U.N.O.
A7: =Inputs!A49 -> 104 - Misc / restrooms approach | B7: =Inputs!B49 -> Ceramic tile (2x4 CLG tile floor) | C7: =Inputs!C49 -> 200 | D7: =C7*1.1 -> 220 | E7: =Inputs!D49 -> PLACEHOLDER - tag 104
A9: TOTAL FLOOR TILE (with waste) | D9: =SUM(D4:D7) -> 3014

Sheet Ceiling
A1: CEILING GRID & TILE TAKEOFF (A104 Ceiling Plan)
A3: Ceiling Zone | B3: Type | C3: Area (SF) | D3: Include in ACT Grid Calc? | E3: Notes
A4: =Inputs!A36 -> Seating / dining area | B4: =Inputs!B36 -> Suspended ACT | C4: =Inputs!C36 -> 1400 | D4: =IF(ISNUMBER(SEARCH("Open",B4)),"NO - open ceiling","YES") -> YES | E4: =Inputs!D36 -> PLACEHOLDER - measure per A104
A5: =Inputs!A37 -> Meeting room | B5: =Inputs!B37 -> Suspended ACT | C5: =Inputs!C37 -> 150 | D5: =IF(ISNUMBER(SEARCH("Open",B5)),"NO - open ceiling","YES") -> YES | E5: =Inputs!D37 -> PLACEHOLDER
A6: =Inputs!A38 -> Praying room | B6: =Inputs!B38 -> Suspended ACT | C6: =Inputs!C38 -> 130 | D6: =IF(ISNUMBER(SEARCH("Open",B6)),"NO - open ceiling","YES") -> YES | E6: =Inputs!D38 -> PLACEHOLDER
A7: =Inputs!A39 -> Restrooms (1-4) | B7: =Inputs!B39 -> Genesis PVC Washable | C7: =Inputs!C39 -> 200 | D7: =IF(ISNUMBER(SEARCH("Open",B7)),"NO - open ceiling","YES") -> YES | E7: =Inputs!D39 -> Commercial grade, nonabsorbent, washable per ceiling notes
A8: =Inputs!A40 -> Kitchen / food prep | B8: =Inputs!B40 -> Genesis PVC Washable | C8: =Inputs!C40 -> 400 | D8: =IF(ISNUMBER(SEARCH("Open",B8)),"NO - open ceiling","YES") -> YES | E8: =Inputs!D40 -> Same - required by ceiling plan general notes
A9: =Inputs!A41 -> Rear / BOH open ceiling zone | B9: =Inputs!B41 -> Open Ceiling (no grid) | C9: =Inputs!C41 -> 1200 | D9: =IF(ISNUMBER(SEARCH("Open",B9)),"NO - open ceiling","YES") -> NO - open ceiling | E9: =Inputs!D41 -> Per A104 - explicitly marked OPEN CEILING, exclude from grid takeoff
A11: TOTAL AREA FOR ACT GRID (excludes Open Ceiling zones) | C11: =SUMPRODUCT((ISNUMBER(SEARCH("Open",B4:B9))=FALSE())*C4:C9) -> 2280
A13: GRID COMPONENT TAKEOFF (standard 2x4 lay-in grid ratios)
A14: Component | B14: Formula | C14: Quantity | D14: Unit | E14: Notes
A15: 2x4 ACT ceiling tiles (+10% waste) | C15: =ROUNDUP(C11/8*1.1,0) -> 314 | D15: tiles | E15: 8 SF/tile
A16: Main tee (4' spacing) | C16: =ROUNDUP(C11/4,0) -> 570 | D16: LF | E16: 1 LF main tee per 4 SF
A17: 4' cross tee | C17: =ROUNDUP(C11/2,0) -> 1140 | D17: LF | E17: 1 LF per 2 SF
A18: 2' cross tee | C18: =ROUNDUP(C11/4,0) -> 570 | D18: LF | E18: 1 LF per 4 SF
A19: Wall angle / perimeter molding | C19: TBD - field measure | D19: LF | E19: Needs actual room perimeter, not just SF - field verify
A20: Hanger wire (@ 4' o.c. grid points) | C20: =ROUNDUP(C11/16,0)*4 -> 572 | D20: LF | E20: Approx 4 LF wire per grid intersection, 4'x4' spacing
A22: GENESIS PVC WASHABLE CEILING PANELS (Kitchen / Food-Prep / Restrooms)
A23: Total Genesis PVC panel area (+10% waste) | C23: =(SUMPRODUCT((ISNUMBER(SEARCH("Genesis",B4:B9)))*C4:C9))*1.1 -> 660 | D23: SF | E23: Per ceiling plan general note: commercial grade, smooth, nonabsorbent, washable finish required in restroom & food-prep areas

Sheet Summary
A1: MATERIAL SUMMARY - HARAZ COFFEE, 1776 E. JEFFERSON ST #112, ROCKVILLE MD
A3: ROM (rough order of magnitude) estimate only. Based on placeholder dimensions in the Inputs tab - replace yellow Inputs cells with real measurements before using for bidding or ordering. Unit Cost cells (yellow) are pre-filled with current market prices found via web research (see Price Source column for each); these are NOT live vendor quotes and should be confirmed with your actual supplier before ordering. Total Cost recalculates automatically as Quantity x Unit Cost. Supplier Link opens the specific product page (or a live search where no single SKU applied) used for that price.
A5: Category | B5: Item | C5: Quantity | D5: Unit | E5: Unit Cost ($) | F5: Total Cost ($) | G5: Supplier Link | H5: Price Source / Note
A6: Framing | B6: Total partition LF | C6: =Inputs!C23 -> 166 | D6: LF | F6: =IF(E6="","",C6*E6) | G6: n/a (subtotal row)
A7: Framing | B7: 3-5/8" MTL studs, 10' precut (16" o.c. + 10%) | C7: =Framing!C5 -> 142 | D7: EA | E7: 8 | F7: =IF(E7="","",C7*E7) -> 1136 | G7: View product / search | H7: Est. $8/ea - 10' galvanized drywall stud, scaled from 8'-stud market range of $3.50-$9.50 (oneanddoneprep.com, 2026). Verify current HD/Menards price.
A8: Framing | B8: Top track | C8: =Framing!C6 -> 166 | D8: LF | E8: 0.75 | F8: =IF(E8="","",C8*E8) -> 124.5 | G8: View product / search | H8: TBD - no live per-LF price found; $0.75/LF is a rough trade estimate. Confirm with supplier.
A9: Framing | B9: Bottom track | C9: =Framing!C7 -> 166 | D9: LF | E9: 0.75 | F9: =IF(E9="","",C9*E9) -> 124.5 | G9: View product / search | H9: TBD - same estimate as top track; confirm with supplier.
A10: Drywall | B10: 5/8" gyp bd area (both sides) | C10: =Drywall!C4 -> 2988 | D10: SF | F10: =IF(E10="","",C10*E10) | G10: n/a (subtotal row)
A11: Drywall | B11: 5/8" gyp bd sheets (4x10, +10%) | C11: =Drywall!C5 -> 83 | D11: sheets | E11: 22.5 | F11: =IF(E11="","",C11*E11) -> 1867.5 | G11: View product / search | H11: Est. $22.50/sheet - Type X 5/8" 4x8 retails $13-24/sheet (hammerio.com, homeguide.com, 2026); scaled to 40 SF (4x10) at same $/SF.
A12: Drywall | B12: Wonderboard / waterproof backer | C12: =Drywall!C6 -> 612 | D12: SF | F12: =IF(E12="","",C12*E12) | G12: n/a (subtotal row)
A13: Drywall | B13: Wonderboard sheets (3x5, +10%) | C13: =Drywall!C7 -> 45 | D13: sheets | E13: 20 | F13: =IF(E13="","",C13*E13) -> 900 | G13: View product / search | H13: Est. $20/sheet (3'x5', 15 SF) - HD bulk pallet prices to $0.90-$1.12/SF ($13.50-$16.80/sheet); single-sheet retail (Ashby Lumber) runs $27-29/sheet. Midpoint used.
A14: Floor Tile | B14: Total floor tile (with 10% waste) | C14: ='Floor Tile'!D9 -> 3014 | D14: SF | E14: 15.66 | F14: =IF(E14="","",C14*E14) -> 47199.24 | G14: View product / search | H14: $15.66/SF - Home Depot 6x6 unglazed 'Quarry Black' ceramic floor/wall tile, Internet #304263841 (live price, checked 2026). Actual quarry tile in 8x8 format per drawings may price differently - verify SKU.
A15: Ceiling | B15: Total ACT grid area | C15: =Ceiling!C11 -> 2280 | D15: SF | F15: =IF(E15="","",C15*E15) | G15: n/a (subtotal row)
A16: Ceiling | B16: 2x4 ACT tiles (+10%) | C16: =Ceiling!C15 -> 314 | D16: tiles | E16: 15 | F16: =IF(E16="","",C16*E16) -> 4710 | G16: View product / search | H16: Est. $15/tile - Armstrong 2x4 mineral fiber tiles sell $141.88-$199.62 per 10-12 pack ($14.19-$16.64/tile) via Walmart, 2026.
A17: Ceiling | B17: Main tee | C17: =Ceiling!C16 -> 570 | D17: LF | E17: 0.85 | F17: =IF(E17="","",C17*E17) -> 484.5 | G17: View product / search | H17: TBD - no live per-LF price found; $0.85/LF (~$10/12' stick) is a rough trade estimate. Confirm with supplier.
A18: Ceiling | B18: 4' cross tee | C18: =Ceiling!C17 -> 1140 | D18: LF | E18: 1 | F18: =IF(E18="","",C18*E18) -> 1140 | G18: View product / search | H18: TBD - no live per-LF price found; ~$4/piece (4') is a rough trade estimate. Confirm with supplier.
A19: Ceiling | B19: 2' cross tee | C19: =Ceiling!C18 -> 570 | D19: LF | E19: 1.25 | F19: =IF(E19="","",C19*E19) -> 712.5 | G19: View product / search | H19: TBD - no live per-LF price found; ~$2.50/piece (2') is a rough trade estimate. Confirm with supplier.
A20: Ceiling | B20: Hanger wire | C20: =Ceiling!C20 -> 572 | D20: LF | E20: 0.12 | F20: =IF(E20="","",C20*E20) -> 68.64 | G20: View product / search | H20: TBD - no live per-LF price found; 12ga wire typically ~$0.10-0.15/LF. Confirm with supplier.
A21: Ceiling | B21: Genesis PVC washable panels (+10%) | C21: =Ceiling!C23 -> 660 | D21: SF | E21: 3.44 | F21: =IF(E21="","",C21*E21) -> 2270.4 | G21: View product / search | H21: $3.44/SF - Genesis/EcoTile-style 2x4 PVC washable panel cartons (10 tiles/80 SF) selling $250-275/carton on eBay, 2026. Confirm exact Genesis SKU/price with your ceiling supplier (M006-M009 hood/ceiling specs).
A23: GRAND TOTAL MATERIAL COST | F23: =SUM(F6:F21) -> 60737.78
A25: Note: rows marked "TBD" in the Price Source column (track, main tee, cross tees, hanger wire) have no verified live market price - they use a rough trade-estimate figure and should be confirmed with your supplier before relying on the grand total for bidding.
